location;date;trend;day;month
Spain;2020-01-07;#VamosRZ;07;01
Spain;2020-01-07;#ManchesterDerby;07;01
Spain;2020-01-07;#logitravelbirratour;07;01
Spain;2020-01-07;#EspañaNoEsUnMito;07;01
Spain;2020-01-07;#UnFuturoIlusionante;07;01
Spain;2020-01-07;#EneroCuestaMenosConHTCMania;07;01
Spain;2020-01-07;#TeAlquilo7E;07;01
Spain;2020-01-07;#GetWellSoonHaseul;07;01
Spain;2020-01-07;#LosOtrosdeMovistar;07;01
Spain;2020-01-07;#ElCascabel7E;07;01
Spain;2020-01-07;#CarminaBarriosEH;07;01
Spain;2020-01-07;#DakarTVE7EN;07;01
Spain;2020-01-07;#lanoche24h;07;01
Spain;2020-01-07;#ElIntermedioInvestidura;07;01
Spain;2020-01-07;#167traidores;07;01
Spain;2020-01-07;sadio mané;07;01
Spain;2020-01-07;Batista;07;01
Spain;2020-01-07;Raúl Guti;07;01
Spain;2020-01-07;Wind River;07;01
Spain;2020-01-07;Wyoming;07;01
Spain;2020-01-07;mariño;07;01
Spain;2020-01-07;Ánimo Tomás;07;01
Spain;2020-01-07;sterling;07;01
Spain;2020-01-07;Raúl de Tomás;07;01
Spain;2020-01-07;Cordero;07;01
Spain;2020-01-07;Al Thani;07;01
Spain;2020-01-07;Darko Kovacevic;07;01
Spain;2020-01-07;Carlos Herrera;07;01
Spain;2020-01-07;Vigaray;07;01
Spain;2020-01-07;Policías;07;01
Spain;2020-01-07;Manu García;07;01
Spain;2020-01-07;Carmona;07;01
Spain;2020-01-07;Los Juegos del Hambre;07;01
Spain;2020-01-07;La Romareda;07;01
Spain;2020-01-07;Old Trafford;07;01
Spain;2020-01-07;de bruyne;07;01
Spain;2020-01-07;Javi Fuego;07;01
Spain;2020-01-07;el málaga;07;01
Spain;2020-01-07;Djukic;07;01
Spain;2020-01-07;Bernardo Silva;07;01
Spain;2020-01-07;Molinero;07;01
Spain;2020-01-07;Vox Teruel;07;01
Spain;2020-01-07;Cristina Cifuentes;07;01
Spain;2020-01-07;Víctor;07;01
Spain;2020-01-07;#CachitosDespropositos;07;01
Spain;2020-01-07;#firstdates7e;07;01
Spain;2020-01-07;#tuiteacomouncomunista;07;01
Spain;2020-01-07;#VictorNoSeToca;07;01
Spain;2020-01-07;#EscuchandoCórdobayJaén;07;01
Spain;2020-01-08;#BestMusicVideo;08;01
Spain;2020-01-08;#venacenarpascual;08;01
Spain;2020-01-08;#AMiNoMeHables;08;01
Spain;2020-01-08;#LaNoche24h;08;01
Spain;2020-01-08;#jungkookday;08;01
Spain;2020-01-08;#protocolocontaminacion;08;01
Spain;2020-01-08;#ElCascabel8E;08;01
Spain;2020-01-08;#TeAlquilo8E;08;01
Spain;2020-01-08;#DakarTVE8EN;08;01
Spain;2020-01-08;#iHeartAwards;08;01
Spain;2020-01-08;#GFVIP;08;01
Spain;2020-01-08;#ParaQuéReyes;08;01
Spain;2020-01-08;#EscalaSur8;08;01
Spain;2020-01-08;Zizou;08;01
Spain;2020-01-08;M-30;08;01
Spain;2020-01-08;Soler;08;01
Spain;2020-01-08;Campeón de Copa;08;01
Spain;2020-01-08;Golazo;08;01
Spain;2020-01-08;Cillessen;08;01
Spain;2020-01-08;coquelin;08;01
Spain;2020-01-08;Albert Abascal;08;01
Spain;2020-01-08;Lidón;08;01
Spain;2020-01-08;Gil Manzano;08;01
Spain;2020-01-08;Leguina;08;01
Spain;2020-01-08;Robinson;08;01
Spain;2020-01-08;Kondogbia;08;01
Spain;2020-01-08;Lukita;08;01
Spain;2020-01-08;Meghan;08;01
Spain;2020-01-08;Gameiro;08;01
Spain;2020-01-08;Carlos Martínez;08;01
Spain;2020-01-08;Marcelo;08;01
Spain;2020-01-08;Parejo;08;01
Spain;2020-01-08;Mariano;08;01
Spain;2020-01-08;Jaume;08;01
Spain;2020-01-08;Rubiales;08;01
Spain;2020-01-08;#ElGranDictador;08;01
Spain;2020-01-08;Jovic;08;01
Spain;2020-01-08;#FirstDates8E;08;01
Spain;2020-01-08;#YoVoyATeruel;08;01
Spain;2020-01-08;Isco;08;01
Spain;2020-01-08;Modric;08;01
Spain;2020-01-08;#SmithLawrenceEH;08;01
Spain;2020-01-08;#PlanetaCalleja;08;01
Spain;2020-01-08;#ValenciaRealMadrid;08;01
Spain;2020-01-08;#SomosLaAudiencia8E;08;01
Spain;2020-01-08;#8Ene;08;01
Spain;2020-01-08;#jugones;08;01
Spain;2020-01-08;#Cecotec;08;01
Spain;2020-01-08;#VictorSanchezDelAmo;08;01
Spain;2020-01-09;#frac1;09;01
Spain;2020-01-09;#DakarTVE9EN;09;01
Spain;2020-01-09;#IglesiasMotaEH;09;01
Spain;2020-01-09;#PokemonEXNintenderosIG;09;01
Spain;2020-01-09;González González;09;01
Spain;2020-01-09;MYHYV;09;01
Spain;2020-01-09;VARcelona;09;01
Spain;2020-01-09;lodi;09;01
Spain;2020-01-09;Robo;09;01
Spain;2020-01-09;Ansu Fati;09;01
Spain;2020-01-09;Zalgiris;09;01
Spain;2020-01-09;Roma y Liverpool;09;01
Spain;2020-01-09;Saúl;09;01
Spain;2020-01-09;Sergi Roberto;09;01
Spain;2020-01-09;Busquets;09;01
Spain;2020-01-09;Bartomeu;09;01
Spain;2020-01-09;Savic;09;01
Spain;2020-01-09;Morata;09;01
Spain;2020-01-09;Vitolo;09;01
Spain;2020-01-09;Llorente;09;01
Spain;2020-01-09;Umtiti;09;01
Spain;2020-01-09;Simeone;09;01
Spain;2020-01-09;Rubiales;09;01
Spain;2020-01-09;#CuentameQueNoche;09;01
Spain;2020-01-09;Cholo;09;01
Spain;2020-01-09;Vidal;09;01
Spain;2020-01-09;Griezmann;09;01
Spain;2020-01-09;Neto;09;01
Spain;2020-01-09;#FirstDates9E;09;01
Spain;2020-01-09;#PesadillaCantábrico;09;01
Spain;2020-01-09;Jordi Alba;09;01
Spain;2020-01-09;El VAR;09;01
Spain;2020-01-09;#LaTauromaquiaNoSeToca;09;01
Spain;2020-01-09;Supercopa;09;01
Spain;2020-01-09;Atlético;09;01
Spain;2020-01-09;Piqué;09;01
Spain;2020-01-09;Atleti;09;01
Spain;2020-01-09;Messi;09;01
Spain;2020-01-09;Valverde;09;01
Spain;2020-01-09;#LaIslaDeLasTentaciones1;09;01
Spain;2020-01-09;#season2020;09;01
Spain;2020-01-09;#Marchena;09;01
Spain;2020-01-09;#ProtocoloContaminacion;09;01
Spain;2020-01-09;#EsTiempoDeMujeres;09;01
Spain;2020-01-09;#RAREday;09;01
Spain;2020-01-09;#AlClímaxConPhoneHouse;09;01
Spain;2020-01-09;#AOTennis2Nacon;09;01
Spain;2020-01-09;#legislaturaarv;09;01
Spain;2020-01-09;Erik Morán;09;01
Spain;2020-01-09;Medvedev;09;01
Spain;2020-01-10;#1917Movie;10;01
Spain;2020-01-10;#MilenioLive;10;01
Spain;2020-01-10;#yoveosalvame;10;01
Spain;2020-01-10;#AhoraCaigo;10;01
Spain;2020-01-10;#AuronPlayEstaMamadisimo;10;01
Spain;2020-01-10;#UnaSolucionParaUberYa;10;01
Spain;2020-01-10;#rtveisoverparty;10;01
Spain;2020-01-10;#EuroligaDAZN;10;01
Spain;2020-01-10;#AnimeAwards;10;01
Spain;2020-01-10;#hispanostve10e;10;01
Spain;2020-01-10;#SHUWHU;10;01
Spain;2020-01-10;#venacenarjosé;10;01
Spain;2020-01-10;#LunaLlena;10;01
Spain;2020-01-10;#FaziletNova10Ene;10;01
Spain;2020-01-10;#DakarTVE10EN;10;01
Spain;2020-01-10;#freecodefridaycontest;10;01
Spain;2020-01-10;#TeAlquilo10E;10;01
Spain;2020-01-10;#SkamEspaña;10;01
Spain;2020-01-10;#MiCasaKikoRivera;10;01
Spain;2020-01-10;#RareListeningParty;10;01
Spain;2020-01-10;Brandon;10;01
Spain;2020-01-10;Cascarilla;10;01
Spain;2020-01-10;Selecta;10;01
Spain;2020-01-10;Paramount;10;01
Spain;2020-01-10;Mario Vaquerizo;10;01
Spain;2020-01-10;Sábado Deluxe;10;01
Spain;2020-01-10;Sheffield;10;01
Spain;2020-01-10;José Couso;10;01
Spain;2020-01-10;La Junta Electoral Provincial;10;01
Spain;2020-01-10;Bob Pop;10;01
Spain;2020-01-10;Karev;10;01
Spain;2020-01-10;Ánimo Javier;10;01
Spain;2020-01-10;Gemeliers;10;01
Spain;2020-01-10;Tello;10;01
Spain;2020-01-10;Tu Cara Me Suena;10;01
Spain;2020-01-10;Efes;10;01
Spain;2020-01-10;Hinata;10;01
Spain;2020-01-10;Okiku;10;01
Spain;2020-01-10;Larkin;10;01
Spain;2020-01-10;Shonda;10;01
Spain;2020-01-10;Haikyuu;10;01
Spain;2020-01-10;NO VALE MENTIR;10;01
Spain;2020-01-10;La Eurocámara;10;01
Spain;2020-01-10;Delaney;10;01
Spain;2020-01-10;Neil Peart;10;01
Spain;2020-01-10;#TOTYELCORNER;10;01
Spain;2020-01-10;#l6cApocalipsisRojo;10;01
Spain;2020-01-10;#FirstDates10E;10;01
Spain;2020-01-10;#TuCaraMeSuena;10;01
Spain;2020-01-10;#TCMS;10;01
Spain;2020-01-11;#EHFEURO2020;11;01
Spain;2020-01-11;#OrainPresoak;11;01
Spain;2020-01-11;#LNFSenGol;11;01
Spain;2020-01-11;#VogliamoCanYaman;11;01
Spain;2020-01-11;#LaAudienciaConBelen;11;01
Spain;2020-01-11;#MilaFueraDeLaTv;11;01
Spain;2020-01-11;#VamosCanarias;11;01
Spain;2020-01-11;#PabandomIšNaujo;11;01
Spain;2020-01-11;#TodosContigoAdara;11;01
Spain;2020-01-11;#VivaLaVida261;11;01
Spain;2020-01-11;#25Forqué;11;01
Spain;2020-01-11;#imaginBankTenerife;11;01
Spain;2020-01-11;#HispanosTVE11E;11;01
Spain;2020-01-11;#Pray4Calvos;11;01
Spain;2020-01-11;#FirstDates11E;11;01
Spain;2020-01-11;#SomosUnaCosaSola;11;01
Spain;2020-01-11;#nrkmgp;11;01
Spain;2020-01-11;#vuelvemila;11;01
Spain;2020-01-11;Cultural;11;01
Spain;2020-01-11;ospina;11;01
Spain;2020-01-11;Lautaro Martínez;11;01
Spain;2020-01-11;Tacón;11;01
Spain;2020-01-11;El Badajoz;11;01
Spain;2020-01-11;Waldo;11;01
Spain;2020-01-11;Lo Celso;11;01
Spain;2020-01-11;Joaquín Pérez Rey;11;01
Spain;2020-01-11;Sestao;11;01
Spain;2020-01-11;Cartagonova;11;01
Spain;2020-01-11;Firmino;11;01
Spain;2020-01-11;Meritxell Batet;11;01
Spain;2020-01-11;Felipe II;11;01
Spain;2020-01-11;Tottenham;11;01
Spain;2020-01-11;Geirmund;11;01
Spain;2020-01-11;Bordalás;11;01
Spain;2020-01-11;Tamaraceite;11;01
Spain;2020-01-11;Paulo Vitor;11;01
Spain;2020-01-11;Pellicer;11;01
Spain;2020-01-11;villalibre;11;01
Spain;2020-01-11;Hugo Duro;11;01
Spain;2020-01-11;Mango Rolo;11;01
Spain;2020-01-11;Vieri;11;01
Spain;2020-01-11;Lunin;11;01
Spain;2020-01-11;Atalanta;11;01
Spain;2020-01-11;Badalona;11;01
Spain;2020-01-11;#CopaDelRey;11;01
Spain;2020-01-11;Juan Carlos Campo;11;01
Spain;2020-01-11;#MGP2020;11;01
Spain;2020-01-11;#cifuenteshabla;11;01
Spain;2020-01-11;#L6Nrevilla;11;01
Spain;2020-01-11;#L6Nporfingobierno;11;01
Spain;2020-01-12;#HercaiNova12Ene;12;01
Spain;2020-01-12;#ObjetivoZapatero;12;01
Spain;2020-01-12;#chiringuitosupercopa;12;01
Spain;2020-01-12;OT 2020;12;01
Spain;2020-01-12;Pochettino;12;01
Spain;2020-01-12;Vinicius;12;01
Spain;2020-01-12;Imagine Dragons;12;01
Spain;2020-01-12;Texans;12;01
Spain;2020-01-12;Petón;12;01
Spain;2020-01-12;Saúl;12;01
Spain;2020-01-12;Mariano;12;01
Spain;2020-01-12;Chiefs;12;01
Spain;2020-01-12;Roberto Leal;12;01
Spain;2020-01-12;Jovic;12;01
Spain;2020-01-12;Natalia Jiménez;12;01
Spain;2020-01-12;Rodrygo;12;01
Spain;2020-01-12;ramos;12;01
Spain;2020-01-12;Oblak;12;01
Spain;2020-01-12;Simeone;12;01
Spain;2020-01-12;Leiva;12;01
Spain;2020-01-12;Misio;12;01
Spain;2020-01-12;Maialen;12;01
Spain;2020-01-12;fede;12;01
Spain;2020-01-12;Valery;12;01
Spain;2020-01-12;#CuartoMilenio;12;01
Spain;2020-01-12;#GodLevel;12;01
Spain;2020-01-12;#HalaMadrid;12;01
Spain;2020-01-12;Javy;12;01
Spain;2020-01-12;Gerard;12;01
Spain;2020-01-12;Valverde;12;01
Spain;2020-01-12;#TdelDescuentoEstreno;12;01
Spain;2020-01-12;#OTGala0;12;01
Spain;2020-01-12;#MonbebeByJoohoneySide;12;01
Spain;2020-01-12;#VamosRafa;12;01
Spain;2020-01-12;#GobiernoDeEspaña;12;01
Spain;2020-01-12;#JIMIN세계가_탐내는_남자;12;01
Spain;2020-01-12;#Socialité300;12;01
Spain;2020-01-12;#ResultadoAEA;12;01
Spain;2020-01-12;Ivern;12;01
Spain;2020-01-12;calleri;12;01
Spain;2020-01-12;Castalia;12;01
Spain;2020-01-12;Novak;12;01
Spain;2020-01-12;Gaku;12;01
Spain;2020-01-12;Luis Ruiz;12;01
Spain;2020-01-12;melendo;12;01
Spain;2020-01-12;ryze;12;01
Spain;2020-01-12;Quique Setién;12;01
Spain;2020-01-12;Yuumi;12;01
Spain;2020-01-12;Malphite;12;01
Spain;2020-01-12;Watford;12;01
Spain;2020-01-13;#ThankYouBigHit;13;01
Spain;2020-01-13;#zapeando1532;13;01
Spain;2020-01-13;#REALEMF20;13;01
Spain;2020-01-13;#JusticiaPolitizada;13;01
Spain;2020-01-13;#Luimelia;13;01
Spain;2020-01-13;#GobiernoARV;13;01
Spain;2020-01-13;#NoPuedenEsperar;13;01
Spain;2020-01-13;#TodoEsMentira13E;13;01
Spain;2020-01-13;Puertollano;13;01
Spain;2020-01-13;Iglesias y Garzón;13;01
Spain;2020-01-13;Boti García Rodrigo;13;01
Spain;2020-01-13;Lupita;13;01
Spain;2020-01-13;pablo lópez;13;01
Spain;2020-01-13;Mejor Actor;13;01
Spain;2020-01-13;Le Mans;13;01
Spain;2020-01-13;Anne y Flavio;13;01
Spain;2020-01-13;Saoirse Ronan;13;01
Spain;2020-01-13;javy y samantha;13;01
Spain;2020-01-13;Rocketman;13;01
Spain;2020-01-13;Hugo y Rafa;13;01
Spain;2020-01-13;sinmigo;13;01
Spain;2020-01-13;Main vs Face;13;01
Spain;2020-01-13;Good As Hell;13;01
Spain;2020-01-13;Jesús y Eli;13;01
Spain;2020-01-13;the irishman;13;01
Spain;2020-01-13;mejor película;13;01
Spain;2020-01-13;Florence Pugh;13;01
Spain;2020-01-13;little talks;13;01
Spain;2020-01-13;Sabin Merino;13;01
Spain;2020-01-13;Delgado;13;01
Spain;2020-01-13;Instituto de la Mujer;13;01
Spain;2020-01-13;Black Panther;13;01
Spain;2020-01-13;Taron Egerton;13;01
Spain;2020-01-13;Toy Story 4;13;01
Spain;2020-01-13;Stray Kids;13;01
Spain;2020-01-13;#OurHappinessKAI;13;01
Spain;2020-01-13;Greta Gerwig;13;01
Spain;2020-01-13;todd phillips;13;01
Spain;2020-01-13;Jojo Rabbit;13;01
Spain;2020-01-13;#CONNECT_BTS;13;01
Spain;2020-01-13;Flavio y Anne;13;01
Spain;2020-01-13;Mariló Montero;13;01
Spain;2020-01-13;Parasite;13;01
Spain;2020-01-13;#TdelDescuento13E;13;01
Spain;2020-01-13;Endgame;13;01
Spain;2020-01-13;Antonio Banderas;13;01
Spain;2020-01-13;Joker;13;01
Spain;2020-01-13;#OscarNoms;13;01
Spain;2020-01-13;#OTDirecto13E;13;01
Spain;2020-01-13;#HercaiNova12Ene;13;01
Spain;2020-01-14;#EuroligaDAZN;14;01
Spain;2020-01-14;#GalaDEE;14;01
Spain;2020-01-14;#HBDtoHYUNGWON;14;01
Spain;2020-01-14;#anaguerraodeón;14;01
Spain;2020-01-14;#LasPalmasRealZaragoza;14;01
Spain;2020-01-14;#DakarE3;14;01
Spain;2020-01-14;#HISPANOSRTVE14E;14;01
Spain;2020-01-14;#JennieDeservesBetter;14;01
Spain;2020-01-14;#FaziletNova14Ene;14;01
Spain;2020-01-14;#LoPrimeroElPueblo;14;01
Spain;2020-01-14;#YoVeoSálvame;14;01
Spain;2020-01-14;#DemiIsComing;14;01
Spain;2020-01-14;#SportingElche;14;01
Spain;2020-01-14;#LaIslaDeLasTentaciones2;14;01
Spain;2020-01-14;#TDeDescuento14E;14;01
Spain;2020-01-14;#MyPSYear2019;14;01
Spain;2020-01-14;La RFEF;14;01
Spain;2020-01-14;Tavares;14;01
Spain;2020-01-14;Isabel San Sebastián;14;01
Spain;2020-01-14;JEMAD;14;01
Spain;2020-01-14;Chivite;14;01
Spain;2020-01-14;Álvaro Jiménez;14;01
Spain;2020-01-14;jueves 23;14;01
Spain;2020-01-14;Nemesis;14;01
Spain;2020-01-14;Pacheta;14;01
Spain;2020-01-14;Maccabi;14;01
Spain;2020-01-14;Juanpi;14;01
Spain;2020-01-14;Antoñín;14;01
Spain;2020-01-14;Khimki;14;01
Spain;2020-01-14;Ramis;14;01
Spain;2020-01-14;Blanquerna;14;01
Spain;2020-01-14;Rafa Mora;14;01
Spain;2020-01-14;Protección Civil;14;01
Spain;2020-01-14;Fernando Vidal;14;01
Spain;2020-01-14;Ánimo Felipe;14;01
Spain;2020-01-14;BASF;14;01
Spain;2020-01-14;Moscú;14;01
Spain;2020-01-14;Llull;14;01
Spain;2020-01-14;Weverse;14;01
Spain;2020-01-14;Felp;14;01
Spain;2020-01-14;cska;14;01
Spain;2020-01-14;#VenACenar14E;14;01
Spain;2020-01-14;JxCat;14;01
Spain;2020-01-14;#TeAlquilo14E;14;01
Spain;2020-01-14;#PortfolioDay;14;01
Spain;2020-01-14;Sett;14;01
Spain;2020-01-14;#FirstDates14E;14;01
Spain;2020-01-14;Jofrillos;14;01
Spain;2020-01-14;#IglesiasA3N;14;01
Spain;2020-01-14;Tarragona;14;01
Spain;2020-01-15;#DoğduğunEv;15;01
Spain;2020-01-15;#ElIntermedio;15;01
Spain;2020-01-15;#octopusfestival;15;01
Spain;2020-01-15;#HuescaTenerife;15;01
Spain;2020-01-15;#AlwayswithEXO;15;01
Spain;2020-01-15;#ChileBirratour;15;01
Spain;2020-01-15;#OTDirecto16E;15;01
Spain;2020-01-15;#lacasadelfútbol;15;01
Spain;2020-01-15;#LaNoche24h;15;01
Spain;2020-01-15;#PS2020;15;01
Spain;2020-01-15;#SolucionOkupas;15;01
Spain;2020-01-15;#TeAlquilo15E;15;01
Spain;2020-01-15;#VenACenar15E;15;01
Spain;2020-01-15;#MiercolesRepub1Censurado;15;01
Spain;2020-01-15;#EscalaSur9;15;01
Spain;2020-01-15;#TdelDescuento15E;15;01
Spain;2020-01-15;#ElCascabel15E;15;01
Spain;2020-01-15;#IIIRepúblicaPronto;15;01
Spain;2020-01-15;#DakarRTVE15EN;15;01
Spain;2020-01-15;#AlaskaEH;15;01
Spain;2020-01-15;#FirstDates15E;15;01
Spain;2020-01-15;Chuli;15;01
Spain;2020-01-15;elady;15;01
Spain;2020-01-15;defne;15;01
Spain;2020-01-15;Juan Mata;15;01
Spain;2020-01-15;Alba González;15;01
Spain;2020-01-15;Las Tablas;15;01
Spain;2020-01-15;Schalke;15;01
Spain;2020-01-15;Jara;15;01
Spain;2020-01-15;Braithwaite;15;01
Spain;2020-01-15;El Poder Judicial;15;01
Spain;2020-01-15;Yeclano;15;01
Spain;2020-01-15;dybala;15;01
Spain;2020-01-15;Iraola;15;01
Spain;2020-01-15;Lega;15;01
Spain;2020-01-15;Donde Cristo;15;01
Spain;2020-01-15;Piatek;15;01
Spain;2020-01-15;Pavement;15;01
Spain;2020-01-15;En Nesiry;15;01
Spain;2020-01-15;Apocalypse Now;15;01
Spain;2020-01-15;Merquelanz;15;01
Spain;2020-01-15;CGPJ;15;01
Spain;2020-01-15;Primavera;15;01
Spain;2020-01-15;Mirandés;15;01
Spain;2020-01-15;#CallejaBarneda;15;01
Spain;2020-01-15;En-Nesyri;15;01
Spain;2020-01-15;#ElPueblo;15;01
Spain;2020-01-15;#Néboa1;15;01
Spain;2020-01-15;#autenticos1;15;01
Spain;2020-01-15;#NoAlPinParental;15;01
Spain;2020-01-16;#thankyoutaehyung;16;01
Spain;2020-01-16;#otakusdelmar;16;01
Spain;2020-01-16;#memeOT;16;01
Spain;2020-01-16;#poderjudicialarv;16;01
Spain;2020-01-16;#SF91STWIN;16;01
Spain;2020-01-16;#SeduceSomeoneInFourWords;16;01
Spain;2020-01-16;#IreneMonteroARV;16;01
Spain;2020-01-16;#NintendoDirect;16;01
Spain;2020-01-16;#zapeando1535;16;01
Spain;2020-01-16;#todoesmentira16e;16;01
Spain;2020-01-16;#종대야_여기_있을게;16;01
Spain;2020-01-16;#HispanosRTVE16E;16;01
Spain;2020-01-16;#DragonBallEpico;16;01
Spain;2020-01-16;#confirmacionesviñarock;16;01
Spain;2020-01-16;Malabo;16;01
Spain;2020-01-16;Morgan Stanley;16;01
Spain;2020-01-16;Sothis;16;01
Spain;2020-01-16;Metro Redux;16;01
Spain;2020-01-16;Rabbids;16;01
Spain;2020-01-16;Terry;16;01
Spain;2020-01-16;Lucina;16;01
Spain;2020-01-16;Puro Latino;16;01
Spain;2020-01-16;Arsenio;16;01
Spain;2020-01-16;Gameiro;16;01
Spain;2020-01-16;Rayman;16;01
Spain;2020-01-16;El CIS;16;01
Spain;2020-01-16;Ana Orantes;16;01
Spain;2020-01-16;Tezanos;16;01
Spain;2020-01-16;Jaime Botín;16;01
Spain;2020-01-16;Fincher;16;01
Spain;2020-01-16;John Cena;16;01
Spain;2020-01-16;Waluigi;16;01
Spain;2020-01-16;Mobile World Congress;16;01
Spain;2020-01-16;Fighter Pass;16;01
Spain;2020-01-16;Edelgard;16;01
Spain;2020-01-16;Marth;16;01
Spain;2020-01-16;Sora;16;01
Spain;2020-01-16;mindhunter;16;01
Spain;2020-01-16;Cuphead;16;01
Spain;2020-01-16;Dante;16;01
Spain;2020-01-16;Three Houses;16;01
Spain;2020-01-16;#TdelDescuento16E;16;01
Spain;2020-01-16;#KAPPASPORT;16;01
Spain;2020-01-16;#DIAINTERNACIONALDELACROQUETA;16;01
Spain;2020-01-16;Sakurai;16;01
Spain;2020-01-16;#BadBoysForHawkers;16;01
Spain;2020-01-16;#OTDirecto16E;16;01
Spain;2020-01-16;Byleth;16;01
Spain;2020-01-16;Smash;16;01
Spain;2020-01-16;Fire Emblem;16;01
Spain;2020-01-17;#TodoEsMentira17E;17;01
Spain;2020-01-17;#SonicMovie;17;01
Spain;2020-01-17;#BorrascaGloria;17;01
Spain;2020-01-17;#PINAbascal;17;01
Spain;2020-01-17;#TCMS2;17;01
Spain;2020-01-17;#honor20pro;17;01
Spain;2020-01-17;#CYNA2020;17;01
Spain;2020-01-17;#DragonBallKakarot;17;01
Spain;2020-01-17;#흑조챌린지;17;01
Spain;2020-01-17;#tedxbarcelona;17;01
Spain;2020-01-17;#LeganesGetafe;17;01
Spain;2020-01-17;#hispanosrtve17e;17;01
Spain;2020-01-17;#MSDgrowth20;17;01
Spain;2020-01-17;#CensuraEducativa;17;01
Spain;2020-01-17;#PokemonEXFolagorIG;17;01
Spain;2020-01-17;#ConoceAMedellin;17;01
Spain;2020-01-17;#MVTPinCensura;17;01
Spain;2020-01-17;#faithinchen;17;01
Spain;2020-01-17;Peton;17;01
Spain;2020-01-17;Padres;17;01
Spain;2020-01-17;Bale y James;17;01
Spain;2020-01-17;Medellín;17;01
Spain;2020-01-17;Cubone;17;01
Spain;2020-01-17;Mike James;17;01
Spain;2020-01-17;Derechos del Niño;17;01
Spain;2020-01-17;Carmelo del Pozo;17;01
Spain;2020-01-17;Celáa;17;01
Spain;2020-01-17;Eva y Nick;17;01
Spain;2020-01-17;Smartme;17;01
Spain;2020-01-17;Código Civil;17;01
Spain;2020-01-17;Ministra de Educación;17;01
Spain;2020-01-17;Pertenecen;17;01
Spain;2020-01-17;Litwick;17;01
Spain;2020-01-17;Registro Civil;17;01
Spain;2020-01-17;Otis;17;01
Spain;2020-01-17;Soporte;17;01
Spain;2020-01-17;155 a Murcia;17;01
Spain;2020-01-17;carlos valverde;17;01
Spain;2020-01-17;Gengar;17;01
Spain;2020-01-17;Arturo Valls;17;01
Spain;2020-01-17;Khalil Gibran;17;01
Spain;2020-01-17;Vistalegre III;17;01
Spain;2020-01-17;#MCF101tv;17;01
Spain;2020-01-17;Raúl Bravo;17;01
Spain;2020-01-17;#senyanımdayken;17;01
Spain;2020-01-17;Celaá;17;01
Spain;2020-01-17;Toni Cantó;17;01
Spain;2020-01-17;#TdelDescuento17E;17;01
Spain;2020-01-17;#PINParental;17;01
Spain;2020-01-17;#OTDirecto17E;17;01
Spain;2020-01-18;#selfieinterista;18;01
Spain;2020-01-18;#RMLiga;18;01
Spain;2020-01-18;#QuieroMiriendarYA;18;01
Spain;2020-01-18;#numanciasporting;18;01
Spain;2020-01-18;#VivaLaVida263;18;01
Spain;2020-01-18;#MinistroBildu;18;01
Spain;2020-01-18;#OsasunaRealValladolid;18;01
Spain;2020-01-18;Beirut;18;01
Spain;2020-01-18;Son Moix;18;01
Spain;2020-01-18;300 RTs;18;01
Spain;2020-01-18;Olabe;18;01
Spain;2020-01-18;El City;18;01
Spain;2020-01-18;Javi Fuego;18;01
Spain;2020-01-18;Hat-Trick;18;01
Spain;2020-01-18;Eres Flavio;18;01
Spain;2020-01-18;Con VAR;18;01
Spain;2020-01-18;Koundé;18;01
Spain;2020-01-18;Mudo;18;01
Spain;2020-01-18;Cristóbal Soria;18;01
Spain;2020-01-18;Alcaraz;18;01
Spain;2020-01-18;vaclik;18;01
Spain;2020-01-18;Medina Cantalejo;18;01
Spain;2020-01-18;Bloqueo;18;01
Spain;2020-01-18;Reguilon;18;01
Spain;2020-01-18;Carlos Henrique;18;01
Spain;2020-01-18;Martínez Munuera;18;01
Spain;2020-01-18;ROBO;18;01
Spain;2020-01-18;#PinNeandertal;18;01
Spain;2020-01-18;#OnceSeguro;18;01
Spain;2020-01-18;#COAC2020J1;18;01
Spain;2020-01-18;#TdelDescuento18E;18;01
Spain;2020-01-18;Valdano;18;01
Spain;2020-01-18;#HispanosRTVE18E;18;01
Spain;2020-01-18;Haaland;18;01
Spain;2020-01-18;Bernabéu;18;01
Spain;2020-01-18;Monchi;18;01
Spain;2020-01-18;Jovic;18;01
Spain;2020-01-18;Lucas Vázquez;18;01
Spain;2020-01-18;De Jong;18;01
Spain;2020-01-18;Militao;18;01
Spain;2020-01-18;Sevilla;18;01
Spain;2020-01-18;#SexEducation;18;01
Spain;2020-01-18;#BlackSwan;18;01
Spain;2020-01-18;#TCMS2;18;01
Spain;2020-01-18;#TentacionesDBT1;18;01
Spain;2020-01-18;#LasAventurasDelDoctorDolittle;18;01
Spain;2020-01-18;#CYNA2020;18;01
Spain;2020-01-18;#BuhoComoTu18E;18;01
Spain;2020-01-18;#protagonistasdelcambio;18;01
Spain;2020-01-18;#Gloria;18;01
Spain;2020-01-19;#OrangeCrownLeague1;19;01
Spain;2020-01-19;#TabúRemix;19;01
Spain;2020-01-19;#LiarlaPardo67;19;01
Spain;2020-01-19;#NBASundays;19;01
Spain;2020-01-19;#COAC2020J2;19;01
Spain;2020-01-19;#PremisGaudí;19;01
Spain;2020-01-19;#VivaLaVida264;19;01
Spain;2020-01-19;#AdaraNoEstasSola;19;01
Spain;2020-01-19;#frac1;19;01
Spain;2020-01-19;#TenerifeGirona;19;01
Spain;2020-01-19;#ThisIsÉxtasis;19;01
Spain;2020-01-19;#ChiefsKingdom;19;01
Spain;2020-01-19;#NFLPlayoffs;19;01
Spain;2020-01-19;#HercaiNova19Ene;19;01
Spain;2020-01-19;#imprescindibles;19;01
Spain;2020-01-19;#FirstDates19E;19;01
Spain;2020-01-19;Carlos Fernández;19;01
Spain;2020-01-19;Darwin Núñez;19;01
Spain;2020-01-19;Cruyffismo;19;01
Spain;2020-01-19;El Liverpool;19;01
Spain;2020-01-19;Juan Muñoz;19;01
Spain;2020-01-19;Santi Mina;19;01
Spain;2020-01-19;Fernando Vázquez;19;01
Spain;2020-01-19;United;19;01
Spain;2020-01-19;De Jong y Arthur;19;01
Spain;2020-01-19;Merecida;19;01
Spain;2020-01-19;Gonalons;19;01
Spain;2020-01-19;Los Titans;19;01
Spain;2020-01-19;Rafinha;19;01
Spain;2020-01-19;Raúl García;19;01
Spain;2020-01-19;Gol de Messi;19;01
Spain;2020-01-19;Baskonia;19;01
Spain;2020-01-19;Umtiti;19;01
Spain;2020-01-19;Contra 10;19;01
Spain;2020-01-19;Celta;19;01
Spain;2020-01-19;Rui Costa;19;01
Spain;2020-01-19;Sergi Roberto;19;01
Spain;2020-01-19;Mahomes;19;01
Spain;2020-01-19;#RespetoParaHugo;19;01
Spain;2020-01-19;Ansu Fati;19;01
Spain;2020-01-19;#TdelDescuento19E;19;01
Spain;2020-01-19;Germán;19;01
Spain;2020-01-19;Vidal;19;01
Spain;2020-01-19;Rakitic;19;01
Spain;2020-01-19;Riqui Puig;19;01
Spain;2020-01-19;COSAS QUE NUNCA DIJIMOS;19;01
Spain;2020-01-19;#ObjetivoMinistroGarzón;19;01
Spain;2020-01-19;#OTDirecto19E;19;01
Spain;2020-01-19;Granada;19;01
Spain;2020-01-19;#OTGala1;19;01
Spain;2020-01-20;#MartinLutherKingDay;20;01
Spain;2020-01-20;#EBCBCN;20;01
Spain;2020-01-20;#LunesDeOjos;20;01
Spain;2020-01-20;#LosNiñosdelMar;20;01
Spain;2020-01-20;#Malibu;20;01
Spain;2020-01-20;#golazo;20;01
Spain;2020-01-20;#BorrascaGlòria;20;01
Spain;2020-01-20;#HotusaExplora;20;01
Spain;2020-01-20;#VanesaMartinPremiosOdeon;20;01
Spain;2020-01-20;#COAC2020P1;20;01
Spain;2020-01-20;#FelicidadEresma;20;01
Spain;2020-01-20;#UnlockYourGame;20;01
Spain;2020-01-20;#Temporal;20;01
Spain;2020-01-20;#TodoEsMentira20E;20;01
Spain;2020-01-20;#vetoparentalarv;20;01
Spain;2020-01-20;#ELIminada;20;01
Spain;2020-01-20;#CineVIPHolea;20;01
Spain;2020-01-20;#TdelDescuento20E;20;01
Spain;2020-01-20;Una MILF;20;01
Spain;2020-01-20;20-s;20;01
Spain;2020-01-20;struff;20;01
Spain;2020-01-20;esta nevando;20;01
Spain;2020-01-20;Giants;20;01
Spain;2020-01-20;el sindicato de estudiantes;20;01
Spain;2020-01-20;Roberto Jiménez;20;01
Spain;2020-01-20;Chihiro;20;01
Spain;2020-01-20;Simancas;20;01
Spain;2020-01-20;Brad;20;01
Spain;2020-01-20;totoro;20;01
Spain;2020-01-20;Siri;20;01
Spain;2020-01-20;césar sánchez;20;01
Spain;2020-01-20;Gfriend;20;01
Spain;2020-01-20;Marcos Ana;20;01
Spain;2020-01-20;Stan Lee;20;01
Spain;2020-01-20;Cefalonia;20;01
Spain;2020-01-20;Pérez Royo;20;01
Spain;2020-01-20;David Lynch;20;01
Spain;2020-01-20;Studio Ghibli;20;01
Spain;2020-01-20;Pobre Nick;20;01
Spain;2020-01-20;Club Express Onboard;20;01
Spain;2020-01-20;Maialen y Anne;20;01
Spain;2020-01-20;Medalla;20;01
Spain;2020-01-20;El FMI;20;01
Spain;2020-01-20;Chelo;20;01
Spain;2020-01-20;Victoria Rosell;20;01
Spain;2020-01-20;#broncOT;20;01
Spain;2020-01-20;#PinParenteral;20;01
Spain;2020-01-20;#DragonBallConCarrefour;20;01
Spain;2020-01-20;#BlueMonday;20;01
Spain;2020-01-20;#OTDirecto20E;20;01
Spain;2020-01-21;#UniversoBlas;21;01
Spain;2020-01-21;#TodoEsMentira21E;21;01
Spain;2020-01-21;#ATSD;21;01
Spain;2020-01-21;#destronaos;21;01
Spain;2020-01-21;#LAGalaxy;21;01
Spain;2020-01-21;#YoigoArena;21;01
Spain;2020-01-21;#TeAlquilo21E;21;01
Spain;2020-01-21;#SevillaFCLevante;21;01
Spain;2020-01-21;#HispanosRTVE21E;21;01
Spain;2020-01-21;#AtinySelcaDay;21;01
Spain;2020-01-21;#SKAMespana;21;01
Spain;2020-01-21;#yoveosalvame;21;01
Spain;2020-01-21;#emergenciaclimatica;21;01
Spain;2020-01-21;#ELIMINACIONDISCIPLINARIAELI;21;01
Spain;2020-01-21;#RecreOsasuna;21;01
Spain;2020-01-21;Jinx;21;01
Spain;2020-01-21;Kameni;21;01
Spain;2020-01-21;recreativo de huelva;21;01
Spain;2020-01-21;Luz Belinda Rodríguez;21;01
Spain;2020-01-21;Rosina;21;01
Spain;2020-01-21;Noemí a Eli;21;01
Spain;2020-01-21;Norandro;21;01
Spain;2020-01-21;Delta;21;01
Spain;2020-01-21;Raquel Bollo;21;01
Spain;2020-01-21;Josep Bou;21;01
Spain;2020-01-21;Diego Caballo;21;01
Spain;2020-01-21;Captain Tsubasa;21;01
Spain;2020-01-21;willy ledesma;21;01
Spain;2020-01-21;Amundi;21;01
Spain;2020-01-21;SBMM;21;01
Spain;2020-01-21;Miguel Ángel Rodríguez;21;01
Spain;2020-01-21;Oliver y Benji;21;01
Spain;2020-01-21;Snow;21;01
Spain;2020-01-21;Wuhan;21;01
Spain;2020-01-21;morcillo;21;01
Spain;2020-01-21;Andy;21;01
Spain;2020-01-21;Mi Crush;21;01
Spain;2020-01-21;Gustavo;21;01
Spain;2020-01-21;Código Penal;21;01
Spain;2020-01-21;Kagawa;21;01
Spain;2020-01-21;La Romareda;21;01
Spain;2020-01-21;Roncaglia;21;01
Spain;2020-01-21;#realmeBlueStyle;21;01
Spain;2020-01-21;#BTSTOUR2020;21;01
Spain;2020-01-21;#DiaInternacionalDelAbrazo;21;01
Spain;2020-01-21;Temtem;21;01
Spain;2020-01-21;Mateu Lahoz;21;01
Spain;2020-01-21;Rodrigo;21;01
Spain;2020-01-21;#COAC2020P2;21;01
Spain;2020-01-21;#OTDirecto21E;21;01
Spain;2020-01-22;#onceseguro;22;01
Spain;2020-01-22;#BadalonaGranada;22;01
Spain;2020-01-22;#elfrancésnosetoca;22;01
Spain;2020-01-22;#ElCascabel22E;22;01
Spain;2020-01-22;#TeAlquilo22E;22;01
Spain;2020-01-22;#elmundoesnuestro;22;01
Spain;2020-01-22;#ahorabarba;22;01
Spain;2020-01-22;#TenerifeRealValladolid;22;01
Spain;2020-01-22;#SolucionPinParental;22;01
Spain;2020-01-22;#DesahuciarAlBorbón;22;01
Spain;2020-01-22;#FelipeVIByeBye;22;01
Spain;2020-01-22;#AnaPastoreh;22;01
Spain;2020-01-22;#CallejaMorancos;22;01
Spain;2020-01-22;#TdelDescuento22E;22;01
Spain;2020-01-22;#ElPueblo2;22;01
Spain;2020-01-22;#Néboa2;22;01
Spain;2020-01-22;#autenticos2;22;01
Spain;2020-01-22;mangala;22;01
Spain;2020-01-22;Munuera Montero;22;01
Spain;2020-01-22;old trafford;22;01
Spain;2020-01-22;Carlos Sobera;22;01
Spain;2020-01-22;Ayamonte;22;01
Spain;2020-01-22;Maxi Gómez;22;01
Spain;2020-01-22;Barrenetxea;22;01
Spain;2020-01-22;Masip;22;01
Spain;2020-01-22;Ceballos;22;01
Spain;2020-01-22;Carlos Fernández;22;01
Spain;2020-01-22;Zaire;22;01
Spain;2020-01-22;isak;22;01
Spain;2020-01-22;Heliodoro;22;01
Spain;2020-01-22;Ferreyra;22;01
Spain;2020-01-22;Waldo;22;01
Spain;2020-01-22;Logroñés;22;01
Spain;2020-01-22;Sandro;22;01
Spain;2020-01-22;Burnley;22;01
Spain;2020-01-22;Areola;22;01
Spain;2020-01-22;Correia;22;01
Spain;2020-01-22;Vinicius y Jovic;22;01
Spain;2020-01-22;Álvaro Romero;22;01
Spain;2020-01-22;SMI a 950;22;01
Spain;2020-01-22;Herrerin;22;01
Spain;2020-01-22;Bale;22;01
Spain;2020-01-22;#OTDirecto23E;22;01
Spain;2020-01-22;Elche;22;01
Spain;2020-01-22;#elconquis1;22;01
Spain;2020-01-22;#TwitterResponde;22;01
Spain;2020-01-22;Ibiza;22;01
Spain;2020-01-22;Brahim;22;01
Spain;2020-01-22;#COAC2020P3;22;01
Spain;2020-01-22;#Millonario;22;01
Spain;2020-01-23;#osasunalevante;23;01
Spain;2020-01-23;#OTChat2;23;01
Spain;2020-01-23;#RayoRealBetis;23;01
Spain;2020-01-23;#ElClasicoDelFutFem;23;01
Spain;2020-01-23;#CoronavirusOutbreak;23;01
Spain;2020-01-23;#EbroLeganés;23;01
Spain;2020-01-23;#KAKAROTQUIZ;23;01
Spain;2020-01-23;#totesmoutv3;23;01
Spain;2020-01-23;#LegendsOfRuneterra;23;01
Spain;2020-01-23;#MirandesCelta;23;01
Spain;2020-01-23;#AmarEsParaSiempre;23;01
Spain;2020-01-23;#DragRace;23;01
Spain;2020-01-23;#SAG10;23;01
Spain;2020-01-23;#CapitalVsVida;23;01
Spain;2020-01-23;#CMDayJaen;23;01
Spain;2020-01-23;#superligaorangelol1;23;01
Spain;2020-01-23;#VenACenar23E;23;01
Spain;2020-01-23;#FamilyDays;23;01
Spain;2020-01-23;#ThankYouJimin;23;01
Spain;2020-01-23;#TdelDescuento23E;23;01
Spain;2020-01-23;#Gobierno950SMI;23;01
Spain;2020-01-23;KAKAROT QUIZ CHALLENGE;23;01
Spain;2020-01-23;Gonzalo Villar;23;01
Spain;2020-01-23;Llamazares;23;01
Spain;2020-01-23;Fontajau;23;01
Spain;2020-01-23;Ozelot;23;01
Spain;2020-01-23;ARMY SUPPORTS SEVEN;23;01
Spain;2020-01-23;luxemburgo;23;01
Spain;2020-01-23;Combat 18;23;01
Spain;2020-01-23;La Rata;23;01
Spain;2020-01-23;Cabacés;23;01
Spain;2020-01-23;Rosi;23;01
Spain;2020-01-23;Ismael Serrano;23;01
Spain;2020-01-23;Cyndaquil;23;01
Spain;2020-01-23;Hugo Vallejo;23;01
Spain;2020-01-23;Madrid y Madrid;23;01
Spain;2020-01-23;la jec;23;01
Spain;2020-01-23;Chikorita;23;01
Spain;2020-01-23;Delcy Rodríguez;23;01
Spain;2020-01-23;Totodile;23;01
Spain;2020-01-23;Eduardo Garzón;23;01
Spain;2020-01-23;ROSALÍA - Juro Que;23;01
Spain;2020-01-23;Sánchez con 500;23;01
Spain;2020-01-23;#AñoChinoWorten;23;01
Spain;2020-01-23;Deliveroo;23;01
Spain;2020-01-23;Mis Abuelos;23;01
Spain;2020-01-23;#COAC2020P4;23;01
Spain;2020-01-23;#LaIslaDeLasTentaciones5;23;01
Spain;2020-01-23;#juroque;23;01
Spain;2020-01-23;#OTDirecto23E;23;01
Spain;2020-01-24;#coronarovirus;24;01
Spain;2020-01-24;#MeVoyALankhmar;24;01
Spain;2020-01-24;#LECPRIMAVERA1;24;01
Spain;2020-01-24;#OGWIN;24;01
Spain;2020-01-24;#OTDirecto25E;24;01
Spain;2020-01-24;#gözlerimdekisen;24;01
Spain;2020-01-24;#NBAParis;24;01
Spain;2020-01-24;#PremiosIATI;24;01
Spain;2020-01-24;#dollypartonchallenge;24;01
Spain;2020-01-24;#SelectaVisionDirect;24;01
Spain;2020-01-24;#MientrasDureLaGuerra;24;01
Spain;2020-01-24;#BringBenSoloBack;24;01
Spain;2020-01-24;#3TourBarcelona;24;01
Spain;2020-01-24;#TuCaraMeSuena;24;01
Spain;2020-01-24;#QuimeraTourBilbao;24;01
Spain;2020-01-24;#l6cLaMalaEducación;24;01
Spain;2020-01-24;#TeAlquilo24E;24;01
Spain;2020-01-24;#OsasunaLevante;24;01
Spain;2020-01-24;#FirstDates24E;24;01
Spain;2020-01-24;#CadizRacing;24;01
Spain;2020-01-24;#HISPANOSRTVE24E;24;01
Spain;2020-01-24;#TeQueremosCholo;24;01
Spain;2020-01-24;#JuanCarlosElMesias;24;01
Spain;2020-01-24;Enzo;24;01
Spain;2020-01-24;pombo;24;01
Spain;2020-01-24;Carles Perez;24;01
Spain;2020-01-24;Santander o de Aragón;24;01
Spain;2020-01-24;Last Evolution Kizuna;24;01
Spain;2020-01-24;Chayanne;24;01
Spain;2020-01-24;alex dujshebaev;24;01
Spain;2020-01-24;Lapro;24;01
Spain;2020-01-24;Aguilera;24;01
Spain;2020-01-24;Fnatic;24;01
Spain;2020-01-24;El Sadar;24;01
Spain;2020-01-24;Eva Soriano;24;01
Spain;2020-01-24;Promare;24;01
Spain;2020-01-24;Llull;24;01
Spain;2020-01-24;Dalsy;24;01
Spain;2020-01-24;Croacia;24;01
Spain;2020-01-24;Eslovenia;24;01
Spain;2020-01-24;Rocío Madrid;24;01
Spain;2020-01-24;Campaña;24;01
Spain;2020-01-24;Grease;24;01
Spain;2020-01-24;Haaland;24;01
Spain;2020-01-24;Larkin;24;01
Spain;2020-01-24;#TentacionesDBT2;24;01
Spain;2020-01-24;#COAC2020P5;24;01
Spain;2020-01-24;#MCJunior;24;01
Spain;2020-01-24;#MiCasaFederico;24;01
Spain;2020-01-24;#TCMS3;24;01
Spain;2020-01-25;#PidemeLoQueTuQuieras;25;01
Spain;2020-01-25;#OTDirecto26E;25;01
Spain;2020-01-25;#L6Nmargallo;25;01
Spain;2020-01-25;#Karmaland;25;01
Spain;2020-01-25;#NoAlRacismo;25;01
Spain;2020-01-25;#SevillaFCGranada;25;01
Spain;2020-01-25;#MientrasDureLaGuerra;25;01
Spain;2020-01-25;#NBASaturdays;25;01
Spain;2020-01-25;#DolorYGloria;25;01
Spain;2020-01-25;#GuaidoEnMadrid;25;01
Spain;2020-01-25;#GiraPrincipiosFigueres;25;01
Spain;2020-01-25;#l6nyolandadiaz;25;01
Spain;2020-01-25;#SoyDeLaSuescun;25;01
Spain;2020-01-25;puado;25;01
Spain;2020-01-25;Cristian Álvarez;25;01
Spain;2020-01-25;Ricky Gervais;25;01
Spain;2020-01-25;Luuk De Jong;25;01
Spain;2020-01-25;Mario Campoy e Iñaki Madariaga;25;01
Spain;2020-01-25;Eduardo Casanova;25;01
Spain;2020-01-25;El Hoyo;25;01
Spain;2020-01-25;Banega;25;01
Spain;2020-01-25;Lolito;25;01
Spain;2020-01-25;Suc de Síndria;25;01
Spain;2020-01-25;Benedicta;25;01
Spain;2020-01-25;#EsteNoEsMiAlcalde;25;01
Spain;2020-01-25;#losataquesdesofía;25;01
Spain;2020-01-25;Enric Auquer;25;01
Spain;2020-01-25;#L6Npincensor;25;01
Spain;2020-01-25;#COAC2020P6;25;01
Spain;2020-01-25;#Goya2020;25;01
Spain;2020-01-25;#jespibase20;25;01
Spain;2020-01-25;#AtletiBarca;25;01
Spain;2020-01-25;#Marisol;25;01
Spain;2020-01-25;#Zonnebeke;25;01
Spain;2020-01-25;#LaCasaDelFútbol;25;01
Spain;2020-01-25;#HuescaLugo;25;01
Spain;2020-01-25;#kai_is_coming;25;01
Spain;2020-01-25;#AbalosDimisión;25;01
Spain;2020-01-25;#MIR2020;25;01
Spain;2020-01-25;#bilbostack20;25;01
Spain;2020-01-25;#klmvuelasostenible;25;01
Spain;2020-01-25;#GuaidoEnMadrid;25;01
Spain;2020-01-25;#coronoavirus;25;01
Spain;2020-01-25;#sevillafc130;25;01
Spain;2020-01-25;#Quedadaminube;25;01
Spain;2020-01-25;#SMMDay;25;01
Spain;2020-01-25;#LosGoyadeCarrefour;25;01
Spain;2020-01-25;Puerto de la Mora;25;01
Spain;2020-01-25;Sin Parejo;25;01
Spain;2020-01-25;Darder;25;01
Spain;2020-01-26;#FACup;26;01
Spain;2020-01-26;#TelenetUCICXWC;26;01
Spain;2020-01-26;#los40básicoopelcorsa;26;01
Spain;2020-01-26;#MachismoMata;26;01
Spain;2020-01-26;#ResultadoAEA;26;01
Spain;2020-01-26;#coronarvirus;26;01
Spain;2020-01-26;#malagamirandes;26;01
Spain;2020-01-26;#HispanosRTVE26E;26;01
Spain;2020-01-26;#CompromisoDeCambio;26;01
Spain;2020-01-26;#OTGala2;26;01
Spain;2020-01-26;#socialité304;26;01
Spain;2020-01-26;#OnceSeguro;26;01
Spain;2020-01-26;#GetafeRealBetis;26;01
Spain;2020-01-26;ashley young;26;01
Spain;2020-01-26;Kevin Rodrigues;26;01
Spain;2020-01-26;Bertrand;26;01
Spain;2020-01-26;Juegos Mediterráneos;26;01
Spain;2020-01-26;héctor herrera;26;01
Spain;2020-01-26;Rico Pérez;26;01
Spain;2020-01-26;ALATRISTE;26;01
Spain;2020-01-26;cagliari;26;01
Spain;2020-01-26;álvaro benito;26;01
Spain;2020-01-26;Granca;26;01
Spain;2020-01-26;Sadiku;26;01
Spain;2020-01-26;Paul Newman;26;01
Spain;2020-01-26;Savic;26;01
Spain;2020-01-26;Pellicer;26;01
Spain;2020-01-26;Gonzalo Villar;26;01
Spain;2020-01-26;Pione;26;01
Spain;2020-01-26;koke;26;01
Spain;2020-01-26;Santi Mina;26;01
Spain;2020-01-26;Juankar;26;01
Spain;2020-01-26;Iago Aspas;26;01
Spain;2020-01-26;Sisto;26;01
Spain;2020-01-26;Cayetano;26;01
Spain;2020-01-26;Mollejo;26;01
Spain;2020-01-26;Reverte;26;01
Spain;2020-01-26;Balaídos;26;01
Spain;2020-01-26;Vitolo;26;01
Spain;2020-01-26;#TdelDescuento26E;26;01
Spain;2020-01-26;Eduardo Casanova;26;01
Spain;2020-01-26;#SanchezDimision;26;01
Spain;2020-01-26;Wanda;26;01
Spain;2020-01-26;Charmander;26;01
Spain;2020-01-26;Taburete;26;01
Spain;2020-01-26;#FelizDomingo;26;01
Spain;2020-01-26;#celtaeibarengol;26;01
Spain;2020-01-26;Leganés;26;01
Spain;2020-01-26;Cuéllar;26;01
Spain;2020-01-26;#OTDirecto26E;26;01
Spain;2020-01-27;#KobeRIP;27;01
Spain;2020-01-27;#roomofmystery;27;01
Spain;2020-01-27;#VolandoJuntos;27;01
Spain;2020-01-27;#PromisebyJimin200M;27;01
Spain;2020-01-27;#CMFini;27;01
Spain;2020-01-27;#SorteoCMsGamers;27;01
Spain;2020-01-27;#TodoEsMentira27E;27;01
Spain;2020-01-27;#OriginalCMAwards;27;01
Spain;2020-01-27;#ElCMdeElectrocostoLoPeta;27;01
Spain;2020-01-27;#ConLaViejaFábricaMeCuido;27;01
Spain;2020-01-27;#amaresparasiempre;27;01
Spain;2020-01-27;#zapeando1542;27;01
Spain;2020-01-27;#makekobethelogo;27;01
Spain;2020-01-27;#MonbebeAreStillHere;27;01
Spain;2020-01-27;#TdelDescuento27E;27;01
Spain;2020-01-27;#AnaGuerraTelegram;27;01
Spain;2020-01-27;#avlo;27;01
Spain;2020-01-27;Tarifa;27;01
Spain;2020-01-27;Samantha y Eva;27;01
Spain;2020-01-27;capricornio;27;01
Spain;2020-01-27;Aneu;27;01
Spain;2020-01-27;Asamblea de Madrid;27;01
Spain;2020-01-27;Cobos;27;01
Spain;2020-01-27;Bruno y Anne;27;01
Spain;2020-01-27;Fran Villalba;27;01
Spain;2020-01-27;Ben Arfa;27;01
Spain;2020-01-27;anaju y hugo;27;01
Spain;2020-01-27;Hermitage;27;01
Spain;2020-01-27;Mis 50;27;01
Spain;2020-01-27;jordi sevilla;27;01
Spain;2020-01-27;george ezra;27;01
Spain;2020-01-27;anne y bruno;27;01
Spain;2020-01-27;Ejército Rojo;27;01
Spain;2020-01-27;Encarna;27;01
Spain;2020-01-27;Bleach;27;01
Spain;2020-01-27;Javy y Jesús;27;01
Spain;2020-01-27;MAIALEN y NICK;27;01
Spain;2020-01-27;tu frialdad;27;01
Spain;2020-01-27;La Despedida;27;01
Spain;2020-01-27;La Casa Azul;27;01
Spain;2020-01-27;Nia y Gerard;27;01
Spain;2020-01-27;Maniac;27;01
Spain;2020-01-27;jesús y javy;27;01
Spain;2020-01-27;Eva y Samantha;27;01
Spain;2020-01-27;#JustinBieberSeasons;27;01
Spain;2020-01-27;Parlament;27;01
Spain;2020-01-27;#HolocaustMemorialDay;27;01
Spain;2020-01-27;#DiaDelCommunityManager;27;01
Spain;2020-01-27;#OscarsEnFnac;27;01
Spain;2020-01-27;#OTDirecto27E;27;01
Spain;2020-01-28;#Golazo;28;01
Spain;2020-01-28;#28Ene;28;01
Spain;2020-01-28;#AmarEsParaSiempre;28;01
Spain;2020-01-28;#aspiraamás;28;01
Spain;2020-01-28;#diadelaprotecciondedatos;28;01
Spain;2020-01-28;#ESC2020;28;01
Spain;2020-01-28;#zapeando1543;28;01
Spain;2020-01-28;#LimGoHome;28;01
Spain;2020-01-28;#KobeBraynt;28;01
Spain;2020-01-28;#XboxMeridiem;28;01
Spain;2020-01-28;#PremiosLuike;28;01
Spain;2020-01-28;#AndaluciaAPEOR;28;01
Spain;2020-01-28;#PorTuCaraDeMartes;28;01
Spain;2020-01-28;Condenado a 22;28;01
Spain;2020-01-28;Netanyahu;28;01
Spain;2020-01-28;Turull;28;01
Spain;2020-01-28;Paulao;28;01
Spain;2020-01-28;Resident Evil 8;28;01
Spain;2020-01-28;El TC;28;01
Spain;2020-01-28;Battlefront;28;01
Spain;2020-01-28;Yamaha;28;01
Spain;2020-01-28;Fernández Díaz;28;01
Spain;2020-01-28;ciencia y universidades;28;01
Spain;2020-01-28;Online vs Irl;28;01
Spain;2020-01-28;Florenzi;28;01
Spain;2020-01-28;Tribunal de Cuentas;28;01
Spain;2020-01-28;Viña Rock;28;01
Spain;2020-01-28;La 7;28;01
Spain;2020-01-28;La 8;28;01
Spain;2020-01-28;Marimar Blanco;28;01
Spain;2020-01-28;Eriksen;28;01
Spain;2020-01-28;Alberto Blecua;28;01
Spain;2020-01-28;El Constitucional;28;01
Spain;2020-01-28;Isma Cerro;28;01
Spain;2020-01-28;Betanzos;28;01
Spain;2020-01-28;Bruno Fernandes;28;01
Spain;2020-01-28;La 3;28;01
Spain;2020-01-28;Para Gianmarco;28;01
Spain;2020-01-28;Lo Celso;28;01
Spain;2020-01-28;#TdelDescuento28E;28;01
Spain;2020-01-28;#AllocationDraw;28;01
Spain;2020-01-28;Pokémon Home;28;01
Spain;2020-01-28;#TeamJoker;28;01
Spain;2020-01-28;La 6;28;01
Spain;2020-01-28;Fernández Vara;28;01
Spain;2020-01-28;#bastadekpop;28;01
Spain;2020-01-28;Bad Bunny;28;01
Spain;2020-01-28;La 5;28;01
Spain;2020-01-28;El 14;28;01
Spain;2020-01-28;#OTDirecto28E;28;01
Spain;2020-01-29;#MastersDivision4;29;01
Spain;2020-01-29;#ViviendaUrgenteYNecesaria;29;01
Spain;2020-01-29;#AmarEsParaSiempre;29;01
Spain;2020-01-29;#zapeando1544;29;01
Spain;2020-01-29;#GavilanesNova;29;01
Spain;2020-01-29;#RayoVillarreal;29;01
Spain;2020-01-29;#LaIslaDeLaTentaciones6;29;01
Spain;2020-01-29;#BellLetsTalk;29;01
Spain;2020-01-29;#BeamdogEnGAME;29;01
Spain;2020-01-29;#BuhoComoTu29E;29;01
Spain;2020-01-29;#SuperligaOrangeLoL3;29;01
Spain;2020-01-29;#timo;29;01
Spain;2020-01-29;#todoesmentira29e;29;01
Spain;2020-01-29;#MujerAGRO;29;01
Spain;2020-01-29;#MCRXX;29;01
Spain;2020-01-29;#ResultadoAEA;29;01
Spain;2020-01-29;#CulturalLeonesaValencia;29;01
Spain;2020-01-29;#TdelDescuento29E;29;01
Spain;2020-01-29;Javi Navarro;29;01
Spain;2020-01-29;Cash Cup;29;01
Spain;2020-01-29;Zeynep;29;01
Spain;2020-01-29;Scrubs;29;01
Spain;2020-01-29;En Extremadura;29;01
Spain;2020-01-29;JORDI MBOULA;29;01
Spain;2020-01-29;Sotogrande;29;01
Spain;2020-01-29;Gorillaz;29;01
Spain;2020-01-29;El Manchester United;29;01
Spain;2020-01-29;Úrsula;29;01
Spain;2020-01-29;Rafa Mora;29;01
Spain;2020-01-29;belena;29;01
Spain;2020-01-29;Dunc;29;01
Spain;2020-01-29;Otero;29;01
Spain;2020-01-29;Omar Ramos;29;01
Spain;2020-01-29;Pablo Marí;29;01
Spain;2020-01-29;Vocaloid;29;01
Spain;2020-01-29;ignacio gonzález;29;01
Spain;2020-01-29;Farage;29;01
Spain;2020-01-29;La Eurocámara;29;01
Spain;2020-01-29;Miku;29;01
Spain;2020-01-29;Auld Lang Syne;29;01
Spain;2020-01-29;Rey Manaj;29;01
Spain;2020-01-29;Bioshock;29;01
Spain;2020-01-29;Richarlison;29;01
Spain;2020-01-29;#TarifasLowi;29;01
Spain;2020-01-29;Futurama;29;01
Spain;2020-01-29;#Cecotec;29;01
Spain;2020-01-29;#coronaravirus;29;01
Spain;2020-01-29;#BenimKaderim;29;01
Spain;2020-01-29;Don Benito;29;01
Spain;2020-01-29;#OTDirecto29E;29;01
Spain;2020-01-30;#SuperSeries888;30;01
Spain;2020-01-30;#aspiraamás;30;01
Spain;2020-01-30;#RealMadridAtleti;30;01
Spain;2020-01-30;#LasChicasDelCable;30;01
Spain;2020-01-30;#ChallengeMallorca;30;01
Spain;2020-01-30;#zapeando1545;30;01
Spain;2020-01-30;#14DM_SEMI;30;01
Spain;2020-01-30;#1YearWithScenery;30;01
Spain;2020-01-30;#BuhoComoTu30E;30;01
Spain;2020-01-30;#cazamaRIPosas;30;01
Spain;2020-01-30;#KamehameNacon;30;01
Spain;2020-01-30;#melfest;30;01
Spain;2020-01-30;#Revolución5GValencia;30;01
Spain;2020-01-30;#LaIslaDeLasTentaciones7;30;01
Spain;2020-01-30;#DilesQueSeVayan;30;01
Spain;2020-01-30;#SuperligaOrangeLoL4;30;01
Spain;2020-01-30;#Eurodrama;30;01
Spain;2020-01-30;#diadelapazylanoviolencia;30;01
Spain;2020-01-30;#PHAwards19;30;01
Spain;2020-01-30;#sag10;30;01
Spain;2020-01-30;Dragonair;30;01
Spain;2020-01-30;Igea;30;01
Spain;2020-01-30;La Robin Hood;30;01
Spain;2020-01-30;Sheffield United;30;01
Spain;2020-01-30;Resurrección;30;01
Spain;2020-01-30;todibo;30;01
Spain;2020-01-30;Ayuntamiento de Valencia;30;01
Spain;2020-01-30;Cavadas;30;01
Spain;2020-01-30;Hertha;30;01
Spain;2020-01-30;Miquel Montoro;30;01
Spain;2020-01-30;Borussia Dortmund;30;01
Spain;2020-01-30;Terelu;30;01
Spain;2020-01-30;Malphite;30;01
Spain;2020-01-30;El CIS;30;01
Spain;2020-01-30;Pepe Álvarez;30;01
Spain;2020-01-30;El PP y Vox;30;01
Spain;2020-01-30;Jordi Évole;30;01
Spain;2020-01-30;Alessandro Florenzi;30;01
Spain;2020-01-30;Tezanos;30;01
Spain;2020-01-30;HOSTIA PILOTES;30;01
Spain;2020-01-30;Dani Torres;30;01
Spain;2020-01-30;#BarcaLeganes;30;01
Spain;2020-01-30;#TdelDescuento30E;30;01
Spain;2020-01-30;La Gomera;30;01
Spain;2020-01-30;Paco Alcácer;30;01
Spain;2020-01-30;smolov;30;01
Spain;2020-01-30;#HolaSoyBollera;30;01
Spain;2020-01-30;Rayquaza;30;01
Spain;2020-01-30;#AtresmediaCensura;30;01
Spain;2020-01-30;#OTDirecto30E;30;01
Spain;2020-01-31;#MarcosAna;31;01
Spain;2020-01-31;#finalfantasyviiremake;31;01
Spain;2020-01-31;#SanValentinYProtos;31;01
Spain;2020-01-31;#getloudforjihyo;31;01
Spain;2020-01-31;#PreguntaleALucas2;31;01
Spain;2020-01-31;#hc0n2020;31;01
Spain;2020-01-31;#Day6inMadrid;31;01
Spain;2020-01-31;#RBLeipzig;31;01
Spain;2020-01-31;#YoConBertin;31;01
Spain;2020-01-31;#OurPreciousJihyo;31;01
Spain;2020-01-31;#BuenViernes;31;01
Spain;2020-01-31;#thecrown;31;01
Spain;2020-01-31;#apcomunitaria;31;01
Spain;2020-01-31;#TenemosDerechoASaber;31;01
Spain;2020-01-31;#zapeando1546;31;01
Spain;2020-01-31;#OGWIN;31;01
Spain;2020-01-31;#RESHsorteo;31;01
Spain;2020-01-31;#geçmişerağmen;31;01
Spain;2020-01-31;#ChihiroCulturaFnac;31;01
Spain;2020-01-31;#MissAmericana;31;01
Spain;2020-01-31;Torrejón;31;01
Spain;2020-01-31;zaza;31;01
Spain;2020-01-31;Rocío Carrasco;31;01
Spain;2020-01-31;Borja Galán;31;01
Spain;2020-01-31;Bochum;31;01
Spain;2020-01-31;Alba Flores;31;01
Spain;2020-01-31;Keko;31;01
Spain;2020-01-31;Cuixart;31;01
Spain;2020-01-31;Uncut Gems;31;01
Spain;2020-01-31;Samuele Longo;31;01
Spain;2020-01-31;VIP de Barajas;31;01
Spain;2020-01-31;País Vasco y Galicia;31;01
Spain;2020-01-31;Sergio Sánchez;31;01
Spain;2020-01-31;Infancia Libre;31;01
Spain;2020-01-31;imelda staunton;31;01
Spain;2020-01-31;Álvaro Giménez;31;01
Spain;2020-01-31;Simone Grippo;31;01
Spain;2020-01-31;Matheus Fernandes;31;01
Spain;2020-01-31;christian rivera;31;01
Spain;2020-01-31;The Good Place;31;01
Spain;2020-01-31;Yacine;31;01
Spain;2020-01-31;#BoteCodere;31;01
Spain;2020-01-31;Miki;31;01
Spain;2020-01-31;Carabanchel;31;01
Spain;2020-01-31;#AOTENNIS2;31;01
Spain;2020-01-31;Trincao;31;01
Spain;2020-01-31;#MegaPath;31;01
Spain;2020-01-31;Paz Esteban;31;01
Spain;2020-01-31;#ChollometroParaMi;31;01
Spain;2020-01-31;#OTDirecto31E;31;01
